{
	"singleProductData": [],
	"newProduct": {
		"ProductId": "",
		"TypeCode": "PR",
		"Category": "Notebooks",
		"Name": "",
		"Description": "",
		"SupplierId": "100000046",
		"SupplierName": "SAP",
		"TaxTarifCode": 1,
		"Price": "956.0000",
		"CurrencyCode": "EUR",
		"DimUnit": "CM",
		"ProductPicUrl": "/sap/public/bc/NWDEMO_MODEL/IMAGES/HT-1000.jpg"
	},
	"fruits": [
		{
			"name": "Grapefruit",
			"price": 100,
			"unit": "PC",
			"benefit": "Weight Loss",
			"type": "Citrus",
			"availability": "available",
			"color": "pink",
			"photo": "https://extension.usu.edu/nutrition/images/Grapefruit12.png"
		},
		{
			"name": "Pineapple",
			"price": 50,
			"unit": "PC",
			"benefit": "Protect against cancer and tumor growth",
			"type": "Alkaline",
			"availability": "Out of Stock",
			"color": "yellow and green",
			"photo": "https://w7.pngwing.com/pngs/9/79/png-transparent-pineapple-fruit-pineapple-pineapple-fruit-pineapple-clipart-thumbnail.png"
		},
		{
			"name": "Avocado",
			"price": 90,
			"unit": "PC",
			"benefit": "Good for Heart",
			"type": "Alkaline",
			"availability": "available",
			"color": "green",
			"photo": "https://thumbs.dreamstime.com/b/avocado-green-27157702.jpg"
		},
		{
			"name": "Blueberries",
			"price": 150,
			"unit": "KG",
			"benefit": "High in Fiber",
			"type": "Alkaline",
			"availability": "Discontinued",
			"color": "blue",
			"photo": "https://www.bigbasket.com/media/uploads/p/xxl/30009286_12-fresho-blueberry.jpg"
		},
		{
			"name": "Apple",
			"price": 10,
			"unit": "KG",
			"benefit": "Highly Nutritious",
			"type": "Citrus",
			"availability": "available",
			"color": "red",
			"photo": "https://www.shutterstock.com/image-illustration/vintage-apple-leaf-isolated-on-600nw-2293343413.jpg"
		},
		{
			"name": "Pomegranate",
			"price": 80,
			"unit": "KG",
			"benefit": "Reduce risk of cancer",
			"type": "Alkaline",
			"availability": "Out of Stock",
			"color": "red",
			"photo": "https://m.media-amazon.com/images/I/611a1wD9ZGL.jpg"
		},
		{
			"name": "Mango",
			"price": 60,
			"unit": "KG",
			"benefit": "Excellent source of Vitamin C",
			"type": "Alkaline",
			"availability": "available",
			"color": "yellow",
			"photo": "https://www.shutterstock.com/image-photo/ripe-mango-isolated-on-white-260nw-2500576635.jpg"
		},
		{
			"name": "Strawberries",
			"price": 80,
			"unit": "KG",
			"benefit": "Control your blood sugar levels ",
			"type": "Berries",
			"availability": "Discontinued",
			"color": "red",
			"photo": "https://images.pexels.com/photos/934055/pexels-photo-934055.jpeg?cs=srgb&dl=pexels-nietjuh-934055.jpg&fm=jpg"
		},
		{
			"name": "Cranberries",
			"price": 100,
			"unit": "KG",
			"benefit": "Prevent urinary tract infections",
			"type": "Berries",
			"availability": "available",
			"color": "red",
			"photo": "https://seedlefarms.com/wp-content/uploads/2021/10/WhatsApp-Image-2021-10-05-at-6.36.16-PM.jpeg"
		},
		{
			"name": "Durian",
			"price": 700,
			"unit": "KG",
			"benefit": "Rich in nutrients",
			"type": "Alkaline",
			"availability": "Out of Stock",
			"color": "green",
			"photo": "https://www.shutterstock.com/image-photo/durian-fruit-hanging-on-tree-600nw-2482342489.jpg"
		},
		{
			"name": "Watermelon",
			"price": 100,
			"unit": "PC",
			"benefit": "High in water, nutrients and antioxidants",
			"type": "pulpy",
			"availability": "available",
			"color": "green",
			"photo": "https://cdn.pixabay.com/photo/2024/05/01/13/58/watermelon-8732404_640.png"
		},
		{
			"name": "Olives",
			"price": 500,
			"unit": "KG",
			"benefit": "Reduce the risk of heart disease, cancer and osteoporosise",
			"type": "Alkaline",
			"availability": "available",
			"color": "green",
			"photo": "https://www.shutterstock.com/image-photo/delicious-green-olives-leaves-isolated-260nw-2492503625.jpg"
		},
		{
			"name": "Blackberries",
			"price": 6000,
			"unit": "KG",
			"benefit": "Lower the risk of chronic disease",
			"type": "Berries",
			"availability": "available",
			"color": "black",
			"photo": "https://www.raspberryblackberry.com/wp-content/uploads/2023/08/NARBA-berry-facts-picking-blackberries-fully-ripe-agriberry-farm.jpg"
		},
		{
			"name": "Oranges",
			"price": 120,
			"unit": "KG",
			"benefit": "Reduce the risk of several conditions such as kidney stones",
			"type": "Citrus",
			"availability": "available",
			"color": "yellow",
			"photo": "https://www.shutterstock.com/shutterstock/photos/2053015835/display_1500/stock-photo-orange-with-sliced-and-green-leaves-isolated-on-white-background-2053015835.jpg"
		},
		{
			"name": "Bananas",
			"price": 100,
			"unit": "KG",
			"benefit": "Blood sugar control and digestive health",
			"type": "Alkaline",
			"availability": "available",
			"color": "yellow",
			"photo": "https://img.freepik.com/free-vector/surprised-banana-cartoon-illustration_1308-172273.jpg"
		},
		{
			"name": "Grapes",
			"price": 200,
			"unit": "KG",
			"benefit": "Decrease inflammation",
			"type": "Berries",
			"availability": "available",
			"color": "red",
			"photo": "https://cdn.qvm.com.au/wp-content/uploads/2020/11/Grapes-green.png"
		},
		{
			"name": "Guava",
			"price": 80,
			"unit": "KG",
			"benefit": "Help prevent certain cancers",
			"type": "Alkaline",
			"availability": "available",
			"color": "green",
			"photo": "https://i.pinimg.com/736x/0c/7e/dc/0c7edcc7c166411876163bd3e75d8b3b.jpg"
		},
		{
			"name": "Papaya",
			"price": 60,
			"unit": "KG",
			"benefit": "Reduce your risk of cancer and improve digestion",
			"type": "Alkaline",
			"availability": "available",
			"color": "green",
			"photo": "https://media.post.rvohealth.io/wp-content/uploads/2020/09/papaya-benefits-732x549-thumbnail.jpg"
		},
		{
			"name": "Cherries",
			"price": 300,
			"unit": "KG",
			"benefit": "Improve the quality of your sleep",
			"type": "Berries",
			"availability": "available",
			"color": "red",
			"photo": "https://thumbs.dreamstime.com/b/three-cherries-leaf-isolated-white-background-34667253.jpg"
		}
	],
	"suppliers": [
		{
			"name": "Sivasai Fruits",
			"city": "Hyderabad",
			"sincewhen": "1967",
			"country": "India",
			"contactPerson": "Ramesh",
			"operatingHours": "9 AM - 7 PM"
		},
		{
			"name": "Mahaveer Fruits and Vegetables",
			"city": "Mumbai",
			"sincewhen": "1972",
			"country": "India",
			"contactPerson": "Pyarelal",
			"operatingHours": "8 AM - 8 PM"
		},
		{
			"name": "Veersagar Wholesale Fruits",
			"city": "Bangalore",
			"sincewhen": "1956",
			"country": "India",
			"contactPerson": "Deva Gowda",
			"operatingHours": "9 AM - 8 PM"
		},
		{
			"name": "Manohara Fruit Suppliers",
			"city": "Kolkata",
			"sincewhen": "1977",
			"country": "India",
			"contactPerson": "Anirudh Roy",
			"operatingHours": "8 AM - 7 PM"
		},
		{
			"name": "Ayyar Wholesale Fruits and Vegetables",
			"city": "Chennai",
			"sincewhen": "1949",
			"country": "India",
			"contactPerson": "Vindya Ayyar",
			"operatingHours": "7 AM - 7 PM"
		},
		{
			"name": "Manikant Fruit Vendor",
			"city": "Pune",
			"sincewhen": "1985",
			"country": "India",
			"contactPerson": "Manikant",
			"operatingHours": "8 AM - 7 PM"
		},
		{
			"name": "Patel Sons Fruits and Vegetables",
			"city": "Ahmedabad",
			"sincewhen": "1960",
			"country": "India",
			"contactPerson": "Promod Patel",
			"operatingHours": "11 AM - 7 PM"
		},
		{
			"name": "S Naresh Kumar and Sons Fruits",
			"city": "Delhi",
			"sincewhen": "1988",
			"country": "India",
			"contactPerson": "Naresh",
			"operatingHours": "10 AM - 8 PM"
		},
		{
			"name": "JDS and SKS Fruits Wholesale",
			"city": "Bhuvaneswar",
			"sincewhen": "1955",
			"country": "India",
			"contactPerson": "Jagdish Kumar",
			"operatingHours": "10 AM - 7 PM"
		},
		{
			"name": "RGB Vegetable and Fruits",
			"city": "Nagpur",
			"sincewhen": "1963",
			"country": "India",
			"contactPerson": "Rabindranath",
			"operatingHours": "10 AM - 8 PM"
		}
	],
	"cities": [
		{
			"cityname": "Kotgarh",
			"famous": "Apple",
			"state": "Himachal Pradesh",
			"remarks": "Apple bowl of India"
		},
		{
			"cityname": "Nashik",
			"famous": "Grape",
			"state": "Maharashtra",
			"remarks": "Grape capital of India"
		},
		{
			"cityname": "Solapur",
			"famous": "Pomegranate",
			"state": "Maharashtra",
			"remarks": "Famous for Cultivation of Pomegranate and proving to be a profitable cultivation even in drought region area"
		},
		{
			"cityname": "Nagpur",
			"famous": "Orange",
			"state": "Maharashtra",
			"remarks": "Orange City of India"
		},
		{
			"cityname": "Mahabaleshwar",
			"famous": "Strawberry",
			"state": "Maharashtra",
			"remarks": "Mahabaleshwar is also famous for honey and mulberries"
		},
		{
			"cityname": "Ratnagiri",
			"famous": "Mango",
			"state": "Maharashtra",
			"remarks": "Ratnagiri Alphonso mangoes are world’s best mangoes"
		},
		{
			"cityname": "Siliguri",
			"famous": "Pinapple",
			"state": "West Bengal",
			"remarks": "Popular for its seasonal fruits of Pineapples"
		},
		{
			"cityname": "Jalgaon",
			"famous": "Banana",
			"state": "Maharashtra",
			"remarks": "Largest Banana producers in the world"
		},
		{
			"cityname": "Allahabad",
			"famous": "Guava",
			"state": "Uttar Pradesh",
			"remarks": "An area of 2.03 lac hectares is used for guava production in Allahabad"
		},
		{
			"cityname": "Anantapur",
			"famous": "Papaya",
			"state": "Andhra Pradesh",
			"remarks": "Papaya is one of the major fruit growing in the region along with sweet orange"
		}
	]
}