<core:FragmentDefinition xmlns:core="sap.ui.core" xmlns="sap.m"
    xmlns:form="sap.ui.layout.form">
    <form:SimpleForm >
                            <form:content>
                                <Label text="Name"></Label>
                                <Text text="{Name}"></Text>
                                <Label text="Description"></Label>
                                <Text text="{Description}"></Text>
                                <Label text="Price"></Label>
                                <Text text="{Price} {CurrencyCode}"></Text>
                                <Label text="Supplier"></Label>
                                <Text text="{SupplierName}"></Text>
                            </form:content>
                        
                        
                        
                        </form:SimpleForm>
                    

</core:FragmentDefinition>