<core:FragmentDefinition xmlns:core="sap.ui.core" xmlns="sap.m"
    xmlns:form="sap.ui.layout.form">


    
                        <Table items="{local>/suppliers}" id="idTable" >
                            <headerToolbar>
                                <Toolbar >
                                    <ToolbarSpacer ></ToolbarSpacer>
                                    <Button icon="sap-icon://filter" tooltip="Filter All Suppliers"
                                        press="onFilter"></Button>
                                
                                </Toolbar>
                            
                            </headerToolbar>

                            <columns>
                                <Column >
                                    <header>
                                        <Text text="Name"></Text>
                                    </header>
                                </Column>
                                <Column >
                                    <header>
                                        <Text text="City"></Text>
                                    </header>
                                </Column>
                                <Column >
                                    <header>
                                        <Text text="Since When"></Text>
                                    </header>
                                </Column>
                                <Column >
                                    <header>
                                        <Text text="Contact Person"></Text>
                                    </header>
                                </Column>
                            
                            </columns>
                            <items>
                                <ColumnListItem >
                                    <cells>
                                        <Text text="{local>name}"></Text>
                                        <Input value="{local>city}" showValueHelp="true" valueHelpRequest="onRequest"></Input>
                                        <Text text="{local>sincewhen}"></Text>
                                        <Text text="{local>contactPerson}"></Text>
                                    </cells>
                                </ColumnListItem>
                            
                            </items>
                        
                        </Table>

</core:FragmentDefinition>    