<edmx:Edmx
    xmlns:edmx="http://schemas.microsoft.com/ado/2007/06/edmx"
    xmlns:m="http://schemas.microsoft.com/ado/2007/08/dataservices/metadata"
    xmlns:sap="http://www.sap.com/Protocols/SAPData" Version="1.0">
    <edmx:DataServices m:DataServiceVersion="2.0">
        <Schema
            xmlns="http://schemas.microsoft.com/ado/2008/09/edm" Namespace="ZDIVYA_ODATA_FINAL_APP_SRV" xml:lang="en" sap:schema-version="1">
            <EntityType Name="Product" sap:content-version="1">
                <Key>
                    <PropertyRef Name="ProductId"/>
                </Key>
                <Property Name="ProductId" Type="Edm.String" Nullable="false" MaxLength="10" sap:unicode="false" sap:label="Product ID" sap:updatable="false" sap:sortable="false" sap:filterable="false"/>
                <Property Name="TypeCode" Type="Edm.String" MaxLength="2" sap:unicode="false" sap:label="Type Code" sap:sortable="false" sap:filterable="false"/>
                <Property Name="Category" Type="Edm.String" MaxLength="40" sap:unicode="false" sap:label="Category" sap:sortable="false"/>
                <Property Name="Name" Type="Edm.String" Nullable="false" MaxLength="255" sap:unicode="false" sap:label="Description" sap:sortable="false" sap:filterable="false"/>
                <Property Name="Description" Type="Edm.String" Nullable="false" MaxLength="255" sap:unicode="false" sap:label="Description" sap:sortable="false" sap:filterable="false"/>
                <Property Name="SupplierId" Type="Edm.String" Nullable="false" MaxLength="10" sap:unicode="false" sap:label="Business Partner ID" sap:sortable="false" sap:filterable="false"/>
                <Property Name="SupplierName" Type="Edm.String" MaxLength="80" sap:unicode="false" sap:label="Company" sap:sortable="false" sap:filterable="false"/>
                <Property Name="TaxTarifCode" Type="Edm.Byte" sap:unicode="false" sap:label="Tax Tariff Code" sap:sortable="false" sap:filterable="false"/>
                <Property Name="Price" Type="Edm.Decimal" Precision="23" Scale="4" sap:unicode="false" sap:label="Price" sap:sortable="false" sap:filterable="false"/>
                <Property Name="CurrencyCode" Type="Edm.String" MaxLength="5" sap:unicode="false" sap:label="Currency Code" sap:sortable="false" sap:filterable="false" sap:semantics="currency-code"/>
                <Property Name="DimUnit" Type="Edm.String" Nullable="false" MaxLength="3" sap:unicode="false" sap:label="Dimension Unit" sap:sortable="false" sap:filterable="false" sap:semantics="unit-of-measure"/>
                <Property Name="ProductPicUrl" Type="Edm.String" MaxLength="255" sap:unicode="false" sap:label="Image" sap:sortable="false" sap:filterable="false"/>
            </EntityType>
            <EntityContainer Name="ZDIVYA_ODATA_FINAL_APP_SRV_Entities" m:IsDefaultEntityContainer="true" sap:supported-formats="atom json xlsx">
                <EntitySet Name="ProductSet" EntityType="ZDIVYA_ODATA_FINAL_APP_SRV.Product" sap:searchable="true" sap:content-version="1"/>
            </EntityContainer>
            <Annotation
                xmlns="http://docs.oasis-open.org/odata/ns/edm" Term="Core.SchemaVersion" String="1.0.0"/>
                <atom:link
                    xmlns:atom="http://www.w3.org/2005/Atom" rel="self" href="./sap/ZDIVYA_ODATA_FINAL_APP_SRV/$metadata"/>
                    <atom:link
                        xmlns:atom="http://www.w3.org/2005/Atom" rel="latest-version" href="./sap/ZDIVYA_ODATA_FINAL_APP_SRV/$metadata"/>
                    </Schema>
                </edmx:DataServices>
            </edmx:Edmx>